{"base_lr": 0.0001, "lr": 0.0001, "data_time": 0.021777124404907228, "grad_norm": 44.3101594543457, "loss": 14.447240352630615, "loss_cls": 0.2691113278269768, "loss_bbox": 0.11843744516372681, "loss_iou": 0.498419029712677, "d0.loss_cls": 0.25511582136154176, "d0.loss_bbox": 0.13211215198040008, "d0.loss_iou": 0.5449737274646759, "d1.loss_cls": 0.26438969910144805, "d1.loss_bbox": 0.12484739944338799, "d1.loss_iou": 0.5181413280963898, "d2.loss_cls": 0.26796807765960695, "d2.loss_bbox": 0.12083140350878238, "d2.loss_iou": 0.5064303332567215, "d3.loss_cls": 0.265572726726532, "d3.loss_bbox": 0.1197363418340683, "d3.loss_iou": 0.5012085491418838, "d4.loss_cls": 0.26686852633953095, "d4.loss_bbox": 0.1192286778986454, "d4.loss_iou": 0.5004779654741287, "enc_loss_cls": 0.2703403317928314, "enc_loss_bbox": 0.18220090731978417, "enc_loss_iou": 0.7064127063751221, "dn_loss_cls": 0.20232826113700866, "dn_loss_bbox": 0.154277902841568, "dn_loss_iou": 0.5471079468727111, "d0.dn_loss_cls": 0.20953157022595406, "d0.dn_loss_bbox": 0.19475872918963433, "d0.dn_loss_iou": 0.6871244996786118, "d1.dn_loss_cls": 0.2034962511062622, "d1.dn_loss_bbox": 0.1629751953482628, "d1.dn_loss_iou": 0.5939497536420822, "d2.dn_loss_cls": 0.20534761123359202, "d2.dn_loss_bbox": 0.1542316425591707, "d2.dn_loss_iou": 0.5560728794336319, "d3.dn_loss_cls": 0.20107378594577313, "d3.dn_loss_bbox": 0.15600195467472078, "d3.dn_loss_iou": 0.5528970551490784, "d4.dn_loss_cls": 0.20085320889949798, "d4.dn_loss_bbox": 0.1586457159370184, "d4.dn_loss_iou": 0.5484287297725677, "v2sloss_cls": 0.19106387451291085, "v2sd0.loss_cls": 0.17904895827174186, "v2sd1.loss_cls": 0.18734247639775276, "v2sd2.loss_cls": 0.18972964435815812, "v2sd3.loss_cls": 0.18759855791926383, "v2sd4.loss_cls": 0.18983018547296523, "v2senc_loss_cls": 0.19019343182444573, "v2sdn_loss_cls": 0.14999453399330379, "v2sd0.dn_loss_cls": 0.1481276384741068, "v2sd1.dn_loss_cls": 0.14535150475800038, "v2sd2.dn_loss_cls": 0.15111588336527348, "v2sd3.dn_loss_cls": 0.14774680692702533, "v2sd4.dn_loss_cls": 0.14816967867314815, "time": 1.8881077003479003, "epoch": 1, "iter": 50, "memory": 13088, "step": 50}
