{"base_lr": 0.0001, "lr": 0.0001, "data_time": 0.021224308013916015, "grad_norm": 42.27996906280518, "loss": 13.524357948303223, "loss_cls": 0.28674903243780137, "loss_bbox": 0.08383869968354701, "loss_iou": 0.5954921936988831, "d0.loss_cls": 0.29923333674669267, "d0.loss_bbox": 0.08857668183743954, "d0.loss_iou": 0.6170940744876862, "d1.loss_cls": 0.29611492186784744, "d1.loss_bbox": 0.08571641944348812, "d1.loss_iou": 0.6061322385072708, "d2.loss_cls": 0.29269153088331223, "d2.loss_bbox": 0.0838916938751936, "d2.loss_iou": 0.5968291336297988, "d3.loss_cls": 0.287203409075737, "d3.loss_bbox": 0.08403432637453079, "d3.loss_iou": 0.5965176886320114, "d4.loss_cls": 0.2838460412621498, "d4.loss_bbox": 0.08370584979653359, "d4.loss_iou": 0.5965391790866852, "enc_loss_cls": 0.33038520693778994, "enc_loss_bbox": 0.12901762410998344, "enc_loss_iou": 0.7704722303152084, "dn_loss_cls": 0.14607620514929295, "dn_loss_bbox": 0.08929954268038273, "dn_loss_iou": 0.5581218695640564, "d0.dn_loss_cls": 0.17844186320900918, "d0.dn_loss_bbox": 0.1163724872469902, "d0.dn_loss_iou": 0.6849712663888932, "d1.dn_loss_cls": 0.16412708446383475, "d1.dn_loss_bbox": 0.09759978882968426, "d1.dn_loss_iou": 0.6050021266937256, "d2.dn_loss_cls": 0.15625048361718655, "d2.dn_loss_bbox": 0.08963553726673126, "d2.dn_loss_iou": 0.5653474706411362, "d3.dn_loss_cls": 0.14892636112868785, "d3.dn_loss_bbox": 0.08983241610229015, "d3.dn_loss_iou": 0.5606170040369034, "d4.dn_loss_cls": 0.14607639148831367, "d4.dn_loss_bbox": 0.09180716209113599, "d4.dn_loss_iou": 0.5591049265861511, "v2sloss_cls": 0.13184034451842308, "v2sd0.loss_cls": 0.14056004762649535, "v2sd1.loss_cls": 0.13710386417806147, "v2sd2.loss_cls": 0.13709339037537574, "v2sd3.loss_cls": 0.1333160948753357, "v2sd4.loss_cls": 0.1317584238946438, "v2senc_loss_cls": 0.15514536187052727, "v2sdn_loss_cls": 0.06308795433491468, "v2sd0.dn_loss_cls": 0.08236086159944535, "v2sd1.dn_loss_cls": 0.0725846203789115, "v2sd2.dn_loss_cls": 0.06877312429249287, "v2sd3.dn_loss_cls": 0.0655284346267581, "v2sd4.dn_loss_cls": 0.06351418621838092, "time": 1.897521004676819, "epoch": 1, "iter": 50, "memory": 13582, "step": 50}
